id,nombre,tipo,altura,peso,experiencia_base,hp,ataque,defensa,velocidad
25,pikachu,electric,4,60,112,35,55,40,90
132,ditto,normal,3,40,101,48,48,48,48
1,bulbasaur,grass,7,69,64,45,49,49,45
4,charmander,fire,6,85,62,39,52,43,65
2,ivysaur,grass,10,130,142,60,62,63,60
150,mewtwo,psychic,20,1220,306,106,110,90,130
3,venusaur,grass,20,1000,236,80,82,83,80
55,golduck,water,17,766,175,80,82,78,85
94,gengar,ghost,15,405,225,60,65,60,110
5,charmeleon,fire,11,190,142,58,64,58,80
8,wartortle,water,10,225,142,59,63,80,58
98,krabby,water,4,65,65,30,105,90,50
13,weedle,bug,3,32,39,40,35,30,50
15,beedrill,bug,10,295,178,65,90,40,75
16,pidgey,normal,3,18,50,40,45,40,56
20,raticate,normal,7,185,145,55,81,60,97
6,charizard,fire,17,905,240,78,84,78,100
45,vileplume,grass,12,186,221,75,80,85,50
44,gloom,grass,8,86,138,60,65,70,40
